{
    "leastSquareResults": {
        "CoulombTorqueNegative": -0.7001921236714128,
        "CoulombTorquePositive": 0.7630649112430342,
        "ViscousDamping": 0.0014680162674401314,
        "inertia": 0.00047089633601540685
    }
}
