{
    "leastSquareResults": {
        "CoulombTorqueNegative": 0.5323735031073334,
        "CoulombTorquePositive": -0.44765780961830165,
        "ViscousDamping": 0.005360446513079554,
        "inertia": 0.0005318110717818782
    }
}
