{
    "leastSquareResults": {
        "CoulombTorqueNegative": -0.6557179460923119,
        "CoulombTorquePositive": 0.7135584499879983,
        "ViscousDamping": 0.0,
        "inertia": 0.0
    }
}
