{
    "leastSquareResults": {
        "CoulombTorqueNegative": -0.5926458745066453,
        "CoulombTorquePositive": 0.6398007674851521,
        "ViscousDamping": 0.0018474571164301817,
        "inertia": 0.00044583156791082524
    }
}
